
<?xml version="1.0" encoding="UTF-8" standalone="yes"?>
<addon id="repository.LibreDiario-kodi" name="LibreDiario-kodi official Repo" version="1.1.0" provider-name="LibreDiario">
	<extension point="xbmc.addon.repository" name="LibreDiario-kodi official Repo">
		<info compressed="false">https://raw.githubusercontent.com/LibreDiario/LibreDiarioRepo/master/addons.xml</info>
		<checksum>https://raw.githubusercontent.com/LibreDiario/LibreDiarioRepo/master/addons.xml.md5</checksum>
		<datadir zip="true">https://raw.githubusercontent.com/LibreDiario/LibreDiarioRepo/master</datadir>
	</extension>
	<extension point="xbmc.addon.metadata">
		<summary>LibreDiario-kodi official Repo</summary>
   		<description lang="en">Instala los Addons de LibreDiario-kodi.</description>
		<disclaimer></disclaimer>
		<platform>all</platform>
	</extension>
</addon>
